{
  "Warehouse": "Warehouse Example 1",
  "Length": 800,
  "Width": 720,
  "Square": 40,
  "Unit": "cm",
  "Aisles": [
    {
      "Id": 1,
      "begin": {
        "lsquare": 5,
        "wsquare": 1
      },
      "end": {
        "lsquare": 16,
        "wsquare": 1
      },
      "depth": {
        "lsquare": 16,
        "wsquare": 1
      },
      "accessibility": "w+",
      "rows": [
        {
          "Id": 1,
          "begin": {
            "lsquare": 5,
            "wsquare": 1
          },
          "end": {
            "lsquare": 7,
            "wsquare": 1
          },
          "shelves": 3
        },
        {
          "Id": 2,
          "begin": {
            "lsquare": 8,
            "wsquare": 1
          },
          "end": {
            "lsquare": 12,
            "wsquare": 1
          },
          "shelves": 4
        },
        {
          "Id": 3,
          "begin": {
            "lsquare": 13,
            "wsquare": 1
          },
          "end": {
            "lsquare": 16,
            "wsquare": 1
          },
          "shelves": 8
        }
      ]
    },
    {
      "Id": 2,
      "begin": {
        "lsquare": 5,
        "wsquare": 8
      },
      "end": {
        "lsquare": 16,
        "wsquare": 8
      },
      "depth": {
        "lsquare": 16,
        "wsquare": 9
      },
      "accessibility": "w-",
      "rows": [
        {
          "Id": 1,
          "begin": {
            "lsquare": 5,
            "wsquare": 8
          },
          "end": {
            "lsquare": 9,
            "wsquare": 8
          },
          "shelves": 5
        },
        {
          "Id": 2,
          "begin": {
            "lsquare": 10,
            "wsquare": 8
          },
          "end": {
            "lsquare": 11,
            "wsquare": 8
          },
          "shelves": 1
        },
        {
          "Id": 3,
          "begin": {
            "lsquare": 12,
            "wsquare": 8
          },
          "end": {
            "lsquare": 13,
            "wsquare": 8
          },
          "shelves": 4
        },
        {
          "Id": 4,
          "begin": {
            "lsquare": 14,
            "wsquare": 8
          },
          "end": {
            "lsquare": 16,
            "wsquare": 8
          },
          "shelves": 6
        }
      ]
    },
    {
      "Id": 3,
      "begin": {
        "lsquare": 5,
        "wsquare": 11
      },
      "end": {
        "lsquare": 16,
        "wsquare": 11
      },
      "depth": {
        "lsquare": 16,
        "wsquare": 10
      },
      "accessibility": "w+",
      "rows": [
        {
          "Id": 1,
          "begin": {
            "lsquare": 5,
            "wsquare": 11
          },
          "end": {
            "lsquare": 11,
            "wsquare": 11
          },
          "shelves": 4
        },
        {
          "Id": 2,
          "begin": {
            "lsquare": 12,
            "wsquare": 11
          },
          "end": {
            "lsquare": 16,
            "wsquare": 11
          },
          "shelves": 10
        }
      ]
    },
    {
      "Id": 4,
      "begin": {
        "lsquare": 5,
        "wsquare": 18
      },
      "end": {
        "lsquare": 16,
        "wsquare": 18
      },
      "depth": {
        "lsquare": 16,
        "wsquare": 18
      },
      "accessibility": "w-",
      "rows": [
        {
          "Id": 1,
          "begin": {
            "lsquare": 5,
            "wsquare": 18
          },
          "end": {
            "lsquare": 8,
            "wsquare": 18
          },
          "shelves": 4
        },
        {
          "Id": 2,
          "begin": {
            "lsquare": 9,
            "wsquare": 18
          },
          "end": {
            "lsquare": 12,
            "wsquare": 18
          },
          "shelves": 4
        },
        {
          "Id": 3,
          "begin": {
            "lsquare": 13,
            "wsquare": 18
          },
          "end": {
            "lsquare": 16,
            "wsquare": 18
          },
          "shelves": 8
        }
      ]
    }
  ],
  "AGVDocks": [
    {
      "Id": "D1",
      "begin": {
        "lsquare": 1,
        "wsquare": 3
      },
      "end": {
        "lsquare": 1,
        "wsquare": 3
      },
      "depth": {
        "lsquare": 1,
        "wsquare": 3
      },
      "accessibility": "l+",
      "description": "Autonomous robots built to serve their human overlords",
      "model": "AGV Dock 1.0",
      "carryWeight": 150,
      "maxWeight": 200,
      "baseLocation": {
        "lsquare": 0,
        "wsquare": 1
      },
      "state": "free",
      "currentPosX": 0,
      "currentPosY": 0
    },
    {
      "Id": "D2",
      "begin": {
        "lsquare": 1,
        "wsquare": 5
      },
      "end": {
        "lsquare": 1,
        "wsquare": 5
      },
      "depth": {
        "lsquare": 1,
        "wsquare": 5
      },
      "accessibility": "l+",
      "description": "Autonomous robots built to serve their human overlords",
      "model": "AGV Dock 1.0",
      "carryWeight": 150,
      "maxWeight": 200,
      "baseLocation": {
        "lsquare": 0,
        "wsquare": 18
      },
      "state": "free",
      "currentPosX": 1,
      "currentPosY": 0
    },
    {
      "Id": "D3",
      "begin": {
        "lsquare": 1,
        "wsquare": 13
      },
      "end": {
        "lsquare": 1,
        "wsquare": 13
      },
      "depth": {
        "lsquare": 1,
        "wsquare": 13
      },
      "accessibility": "l+",
      "description": "Autonomous robots built to serve their human overlords",
      "model": "AGV Dock 1.0",
      "carryWeight": 150,
      "maxWeight": 200,
      "baseLocation": {
        "lsquare": 7,
        "wsquare": 1
      },
      "state": "free",
      "currentPosX": 2,
      "currentPosY": 0
    },
    {
      "Id": "D4",
      "begin": {
        "lsquare": 1,
        "wsquare": 15
      },
      "end": {
        "lsquare": 1,
        "wsquare": 15
      },
      "depth": {
        "lsquare": 1,
        "wsquare": 15
      },
      "accessibility": "l+",
      "description": "Autonomous robots built to serve their human overlords",
      "model": "AGV Dock 1.0",
      "carryWeight": 150,
      "maxWeight": 200,
      "baseLocation": {
        "lsquare": 10,
        "wsquare": 18
      },
      "state": "free",
      "currentPosX": 3,
      "currentPosY": 0
    },
    {
      "Id": "D5",
      "begin": {
        "lsquare": 20,
        "wsquare": 4
      },
      "end": {
        "lsquare": 20,
        "wsquare": 4
      },
      "depth": {
        "lsquare": 20,
        "wsquare": 4
      },
      "accessibility": "l-",
      "description": "Autonomous robots built to serve their human overlords",
      "model": "AGV Dock 1.0",
      "carryWeight": 150,
      "maxWeight": 200,
      "baseLocation": {
        "lsquare": 19,
        "wsquare": 1
      },
      "state": "free",
      "currentPosX": 4,
      "currentPosY": 0
    },
    {
      "Id": "D6",
      "begin": {
        "lsquare": 20,
        "wsquare": 14
      },
      "end": {
        "lsquare": 20,
        "wsquare": 14
      },
      "depth": {
        "lsquare": 20,
        "wsquare": 14
      },
      "accessibility": "l-",
      "description": "Autonomous robots built to serve their human overlords",
      "model": "AGV Dock 1.0",
      "carryWeight": 150,
      "maxWeight": 200,
      "baseLocation": {
        "lsquare": 19,
        "wsquare": 18
      },
      "state": "free",
      "currentPosX": 5,
      "currentPosY": 0
    }
  ]
}